{
	"npcid":"iw_siw_wolf-surge",
	"npcname":"Surge",
	"dialogues":{
		"start":{
			"reaction":"cute",
			"text":"Hewwo!",
			"opts":[
				{
					"text":"Hey there, little guy",
					"locked":false,
					"goto":"1"
				},
				{
					"text":"Um... hi... who are you?",
					"locked":false,
					"goto":"2"
				}
			]
		},
		"1":{
			"reaction":"norm",
			"text":"Who you?",
			"opts":[
				{
					"text":"I'm {plr}. Who are you?",
					"locked":false,
					"goto":"3"
				},
				{
					"text":"Who are you?",
					"locked":false,
					"goto":"2"
				}
			]
		},
		"2":{
			"reaction":"confused",
			"anim":true,
			"text":"I Surge. Who you?",
			"opts":[
				{
					"text":"I'm {plr}. It's nice to meet you, Surge.",
					"locked":false,
					"goto":"4"
				}
			]
		},
		"3":{
			"reaction":"norm",
			"text":"I Surge.",
			"opts":[
				{
					"text":"It's nice to meet you, Surge.",
					"locked":false,
					"goto":"4"
				}
			]
		},
		"4":{
			"reaction":"norm",
			"text":"You know where master go?",
			"opts":[
				{
					"text":"No... who's your master?",
					"locked":false,
					"goto":"5"
				},
				{
					"text":"Your... master?",
					"locked":false,
					"goto":"6"
				},
				{
					"text":"Yes I do",
					"locked":true,
					"goto":"0"
				}
			]
		},
		"5":{
			"reaction":"norm",
			"text":"Oh... she orange an' red, an' master at shop near.",
			"opts":[
				{
					"text":"Alright... do you want me to find her?",
					"locked":false,
					"goto":"8"
				}
			]
		},
		"6":{
			"reaction":"norm",
			"text":"Yeah. I servant.",
			"opts":[
				{
					"text":"Ah alright... who's your master?",
					"locked":false,
					"goto":"5"
				},
				{
					"text":"N-no... sorry.",
					"locked":false,
					"goto":"7"
				}
			]
		},
		"7":{
			"reaction":"sad",
			"text":"Oh... okay.",
			"opts":[
				{
					"text":"[LEAVE]",
					"locked":false,
					"goto":"exit"
				}
			]
		},
		"8":{
			"reaction":"cute",
			"text":"Yeah!",
			"opts":[
				{
					"text":"Alright then... I'll be back soon.",
					"locked":false,
					"goto":"9"
				}
			]
		},
		"9":{
			"reaction":"cute",
			"text":"Okay!",
			"opts":[
				{
					"text":"[LEAVE]",
					"locked":false,
					"goto":"exit"
				}
			]
		}
	}
}